Property_Name,Unit_Number,Damages
Concord,4902,347.17
Concord,4903,187.67
Concord,4904,0.0
Concord,4905,256.41
Concord,4906,93.26
Concord,4907,508.03000000000003
Concord,4908,205.17000000000002
Concord,4909,231.43
Concord,4910,25.11
Concord,4911,220.52
Concord,4912,301.15999999999997
Concord,4913,2.03
Concord,4914,324.48
Concord,4915,107.59
Concord,4916,169.24
Concord,4917,14.690000000000001
Concord,4918,172.89
Concord,4919,298.27
Concord,4920,367.04
Concord,4921,222.57
Concord,4922,446.13
Concord,4923,302.03
Concord,4924,323.72
Concord,4925,406.5
Concord,4926,337.51
Concord,4927,266.66
Concord,4928,271.5
Concord,4929,385.38
Concord,4930,369.31
Concord,4931,178.32
Concord,4932,882.4
Concord,4933,418.91
Concord,4934,582.06
Concord,4935,286.07
Concord,4936,353.24
Concord,4937,799.68
Concord,4938,190.34
Concord,4939,67.47
Concord,4940,326.99
Concord,4941,198.52
Concord,4942,182.78
Concord,4943,178.8
Concord,4944,62.56
Concord,4945,161.99
Concord,4946,283.36
Concord,4947,201.66
Concord,4948,120.31
Concord,4949,235.52
Concord,4950,156.09
Concord,4951,233.0
Concord,4952,396.62
Concord,4953,355.33
Concord,4954,156.47
Concord,4955,776.76
Concord,4956,114.07
Concord,4957,353.49
Concord,4958,130.88
Concord,4959,449.86
Concord,4960,187.5
Concord,4961,157.28
Concord,4962,541.75
Concord,4963,472.45
Concord,4964,1236.23
Concord,4965,135.39
Concord,4966,310.23
Concord,4967,199.26999999999998
Concord,4968,322.12
Concord,4969,303.28
Concord,4970,176.45
Concord,4971,277.91
Concord,4972,157.42
Concord,4973,404.65999999999997
Concord,4974,278.3
Concord,4975,270.0
Concord,4976,274.43
Concord,4977,467.9
Concord,4978,234.13
Concord,4979,189.28
Concord,4980,328.47
Concord,4981,451.61
Concord,4982,368.04
Concord,4983,168.10999999999999
Concord,4984,258.96
Concord,4985,280.4
Concord,4986,640.11
Concord,4987,303.52
Concord,4988,385.0
Concord,4989,145.98
Concord,4990,249.59
Concord,4991,703.33
Concord,4992,469.78
Concord,4993,599.22
Concord,4994,473.66
Concord,4995,413.98
Concord,4996,367.7
Concord,4997,558.12
Concord,4998,275.33
Concord,4999,332.74
Concord,5000,227.48000000000002
Concord,5001,114.07000000000001
Concord,5002,533.18
Concord,5003,327.6
Concord,5004,149.22
Concord,5005,335.12
Concord,5006,74.66
Concord,5007,210.05
Concord,5008,194.63
Concord,5009,245.34
Concord,5010,231.44
Concord,5011,380.56
Concord,5012,216.62
Concord,5013,837.8
Concord,5014,516.67
Concord,5015,502.79
Concord,5016,382.03000000000003
Concord,5017,251.4
Concord,5018,208.59
Concord,5019,791.08
Concord,5020,259.52
Concord,5021,276.32
Concord,5022,239.39
Concord,5023,215.92
Concord,5024,237.39
Concord,5025,324.76
Concord,5026,63.9
Concord,5027,619.35
Concord,5028,305.79
Concord,5029,171.53
Concord,5030,454.21999999999997
Concord,5031,263.57
Concord,5032,290.14
Concord,5033,469.61
Concord,5034,184.45
Concord,5035,263.02
Concord,5036,289.3
Concord,5037,217.04
Concord,5039,169.48
Concord,5040,325.93
Concord,5041,367.17
Concord,5042,317.1
Concord,5043,381.73
Concord,5044,506.6
Concord,5045,225.67
Concord,5046,160.27
Concord,5047,173.54
Concord,5048,137.22
Concord,5049,465.79
Concord,5050,71.69
Concord,5051,65.18
Concord,5052,276.29
Concord,5053,532.31
Concord,5054,770.1
Concord,5055,390.76
Concord,5056,349.12
Concord,5057,539.25
Concord,5058,265.96
Concord,5059,108.11
Concord,5060,139.25
Concord,5061,300.61
Concord,5062,55.55
Concord,5063,415.54
Concord,5064,637.0699999999999
Concord,5065,78.16
Concord,5066,298.69
Concord,5067,283.18
Concord,5068,222.41
Concord,5069,603.87
Concord,5070,373.05
Concord,5071,263.03
Concord,5072,547.14
Concord,5073,234.04
Concord,5074,257.51
Concord,5075,212.03
Concord,5076,325.59
Concord,5077,313.76
Concord,5078,266.59
Concord,5079,108.13
Concord,5080,121.44
Concord,5081,0.0
Concord,5082,705.52
Concord,5083,203.88
Concord,5084,275.24
Concord,5085,201.63
Concord,5086,171.25
Concord,5088,461.05
Concord,5089,100.93
Concord,5090,473.0
Concord,5091,254.71
Concord,5092,130.86
Concord,5093,302.53
Concord,5094,432.37
Concord,5095,190.53
Concord,5096,6.71
Concord,5097,332.6
Concord,5098,703.1800000000001
Concord,5099,217.37
Concord,5100,401.58
Concord,5101,134.32
Concord,5102,246.77
Concord,5103,245.25
Concord,5104,162.5
Concord,5105,279.07
Concord,5106,331.0
Concord,5107,449.68
Concord,5108,216.34
Concord,5109,195.09
Concord,5110,388.75
Concord,5111,270.34
Concord,5112,302.63
Concord,5113,466.5
Concord,5114,617.6
Concord,5115,385.48
Concord,5116,524.78
Concord,5117,1192.85
Concord,5118,396.35
Concord,5119,383.13
Concord,5120,205.03
Concord,5121,276.53
Concord,5122,14.5
Concord,5123,247.27
Concord,5124,390.28
Concord,5125,251.57999999999998
Concord,5126,90.28
Concord,5127,287.83
Concord,5128,366.5
Concord,5129,171.36
Concord,5130,266.23
Concord,5131,88.78999999999999
Concord,5132,251.46
Concord,5133,214.76
Concord,5134,130.24
Concord,5135,270.84
Concord,5136,353.52
Concord,5137,168.98
Concord,5138,251.07
Concord,5139,395.21999999999997
Concord,5140,232.15
Concord,5141,145.35
Concord,5142,163.84
Concord,5143,438.38
Concord,5144,353.98
Concord,5145,504.37
Concord,5146,161.99
Concord,5147,103.85
Concord,5148,425.74
Concord,5149,252.61
Concord,5150,207.66
Concord,5151,280.3
Concord,5152,105.82
Concord,5153,309.65
Concord,5154,269.21
Concord,5155,71.57
Concord,5156,326.87
Concord,5157,389.15
Concord,5158,121.45
Concord,5159,375.3
Concord,5160,426.85
Concord,5161,0.18
Concord,5162,149.99
Concord,5163,122.37
Concord,5164,84.78
Concord,5165,191.28
Concord,5166,277.44
Concord,5167,232.17
Concord,5168,209.89
Concord,5169,258.95
Concord,5170,564.89
Concord,5171,160.55
Concord,5172,120.97
Concord,5173,190.14
Concord,5174,490.97
Concord,5175,207.5
Concord,5176,87.94
Concord,5177,315.79
Concord,5178,291.71
Concord,5179,0.0
Concord,5180,145.11
Concord,5181,844.47
Concord,5182,466.54
Concord,5183,215.9
Concord,5184,229.35
Concord,5185,534.8
Concord,5186,354.67
Concord,5187,363.7
Concord,5188,662.63
Concord,5189,253.11
Concord,5190,208.19
Concord,5191,275.02
Concord,5192,179.25
Concord,5193,660.46
Concord,5194,171.17000000000002
Concord,5195,318.46999999999997
Concord,5196,234.95000000000002
Concord,5197,183.78
Concord,5198,684.73
Concord,5199,287.1
Concord,5200,293.02
Concord,5201,149.49
Concord,5202,846.15
Concord,5203,274.36
Concord,5204,586.75
Concord,5205,338.31
Concord,5206,551.35
Concord,5207,82.31
Concord,5208,41.2
Concord,5209,553.3
Concord,5210,358.99
Concord,5211,476.94
Concord,5212,240.04
Concord,5213,266.08
Concord,5214,474.01
Concord,5215,605.44
Concord,5216,281.69
Concord,5217,388.06
Concord,5218,507.41
Concord,5219,624.15
Concord,5220,261.5
Concord,5221,77.29
Concord,5222,531.29
Concord,5223,449.21000000000004
Concord,5224,49.34
Concord,5225,774.89
Concord,5226,392.37
Concord,5227,53.07
Concord,5228,204.88
Concord,5229,57.13
Concord,5230,117.73
Concord,5231,157.6
Concord,5232,213.28
Concord,5233,689.96
Concord,5234,701.56
Concord,5235,311.61
Concord,5236,665.9399999999999
Concord,5237,449.07
Concord,5238,653.0699999999999
Concord,5239,263.28000000000003
Concord,5240,708.74
Concord,5241,261.38
Concord,5242,694.7
Concord,5243,254.7
Concord,5244,584.15
Concord,5245,5.42
Concord,5246,370.03
Concord,5247,107.45
Concord,5248,371.16
Concord,5249,215.73
Concord,5250,462.57
Concord,5251,680.57
Concord,5252,542.61
Concord,5253,597.51
Concord,5254,237.4
Concord,5255,491.62
Concord,5256,334.42
Concord,5257,293.31
Concord,5258,680.6
Concord,5259,482.03
Concord,5260,226.68
Concord,5261,671.23
Concord,5262,212.02
Concord,5263,250.98
Concord,5264,290.95
Concord,5265,386.89
Concord,5266,484.48
Concord,5267,445.79
Concord,5268,353.23
Concord,5269,372.2
Concord,5270,353.84
Concord,5271,623.93
Concord,5272,332.8
Concord,5273,708.87
Concord,5274,264.81
Concord,5275,99.57
Concord,5276,340.44
Concord,5277,137.34
Concord,5278,314.32
Concord,5279,261.13
Concord,5280,142.86
Concord,5281,200.94
Concord,5282,310.6
Concord,5283,330.12
Concord,5284,114.48
Concord,5285,160.6
Concord,5286,266.49
Concord,5287,265.53
Concord,5288,226.04
Concord,5289,254.1
Concord,5290,239.79
Concord,5291,98.96000000000001
Concord,5292,75.2
Concord,5293,553.86
Concord,5294,292.9
Concord,5295,458.9
Concord,5296,146.11
Concord,5297,19.34
Concord,5298,777.61
Concord,5299,358.42
Concord,5300,505.85
Concord,5301,403.31
Concord,5302,402.29
Concord,5303,739.75
Concord,5304,399.6
Concord,5305,65.76
Concord,5306,224.48000000000002
Concord,5307,88.37
Concord,5308,403.28000000000003
Concord,5309,259.71
Concord,5310,293.13
Concord,5311,506.82
Concord,5312,371.59
Concord,5313,484.02
Concord,5314,353.94
Concord,5315,446.19
Concord,5316,407.11
Concord,5317,670.27
Concord,5318,309.2
Concord,5319,128.06
Concord,5320,224.72
Concord,5321,517.86
Concord,5322,305.31
Concord,5323,606.14
Concord,5324,175.27
Concord,5325,764.28
Concord,5326,109.00999999999999
Concord,5327,375.86
Concord,5328,266.37
Concord,5329,237.29
Concord,5330,127.11
Concord,5331,410.92
Concord,5332,555.35
Concord,5333,431.24
Concord,5334,425.0
Concord,5335,402.55
Concord,5336,306.1
Concord,5337,119.01
Concord,5338,483.01
Concord,5339,252.52
Concord,5340,492.90999999999997
Concord,5341,411.81
Concord,5342,293.5
Concord,5343,739.49
Concord,5344,591.29
Concord,5345,360.88
Concord,5346,317.37
Concord,5347,49.33
Concord,5348,460.25
Concord,5349,84.48
Concord,5350,343.42
Concord,5351,208.14
Concord,5352,436.57
Concord,5353,60.36
Concord,5354,135.84
Concord,5355,199.16
Concord,5356,357.51
Concord,5357,89.53999999999999
Concord,5358,469.18
Concord,5359,318.52
Concord,5360,157.7
Concord,5361,543.48
Concord,5362,372.07
Concord,5363,393.53
Concord,5364,216.75
Concord,5365,397.47
Concord,5366,481.19
Concord,5367,382.48
Concord,5368,569.96
Concord,5369,356.2
Concord,5370,212.92
Concord,5371,119.13
Concord,5372,115.32
Concord,5373,82.97
Concord,5374,253.13
Concord,5375,293.17
Concord,5376,247.54
Concord,5377,150.21
Concord,5378,184.71
Concord,5379,322.49
Concord,5380,152.79
Concord,5381,567.18
Concord,5382,601.01
Concord,5383,331.52
Concord,5384,511.84
Concord,5385,366.53
Concord,5386,725.45
Concord,5387,284.39
Concord,5388,31.62
Concord,5389,984.7
Concord,5390,203.14
Concord,5391,253.31
Concord,5392,909.67
Concord,5393,404.55
Concord,5394,311.22
Concord,5395,386.77
Concord,5396,283.86
Concord,5397,352.29
Concord,5398,155.46
Concord,5399,672.92
Concord,5400,788.21
Concord,5401,762.11
Concord,5402,379.19
Concord,5403,343.56
Concord,5404,647.21
Concord,5405,497.68
Concord,21408,113.81
Concord,21409,1098.33
Concord,21410,366.13
Concord,21411,760.89
Concord,21412,22.88
Concord,21413,0.0
Concord,21414,583.84
Concord,21415,704.12
Concord,21416,316.81
Concord,21417,915.6
Concord,21418,636.59
Concord,21419,198.82
Concord,21420,257.7
Concord,21421,846.49
Concord,21422,857.6600000000001
Concord,21423,557.0
Concord,21424,507.12
Concord,21425,483.68
Concord,21426,94.73
Concord,21427,912.23
Concord,21428,508.18
Concord,21429,715.01
Concord,21430,521.0
Concord,21431,360.78
Concord,21432,542.11
Concord,21433,412.84000000000003
Concord,21434,309.15
Concord,21435,539.45
Concord,21436,328.04
Concord,21437,706.66
Concord,21438,429.39
Concord,21439,374.90999999999997
Concord,21440,465.03000000000003
Concord,21441,827.5
Concord,21442,377.12
Concord,21443,297.52
Concord,21445,570.71
Concord,21446,563.8
Concord,21447,831.86
Concord,21448,448.45
Concord,21449,487.59
Concord,21450,1081.21
Concord,21451,185.04
Concord,21452,383.01
Concord,21453,696.85
Concord,21454,388.99
Concord,21455,698.32
Concord,21456,386.07
Concord,21457,482.45
Concord,21458,654.4
Concord,21459,395.04
Concord,21460,995.4
Concord,21461,560.5699999999999
Concord,21462,567.85
Concord,21463,365.09999999999997
Concord,21464,434.3
Concord,21465,410.65
Concord,21466,435.71999999999997
Concord,21467,236.39
Concord,21468,435.15
Concord,21469,364.51
Concord,21470,713.71
Concord,21471,633.59
Fairfax,6902,206.24
Fairfax,6903,1120.97
Fairfax,6904,190.99
Fairfax,6905,435.67
Fairfax,6906,330.49
Fairfax,6907,37.71
Fairfax,6908,554.36
Fairfax,6909,217.34
Fairfax,6910,98.8
Fairfax,6911,164.68
Fairfax,6912,278.56
Fairfax,6913,301.92
Fairfax,6914,68.03
Fairfax,6915,329.48
Fairfax,6916,318.63
Fairfax,6917,327.42
Fairfax,6918,393.1
Fairfax,6919,573.94
Fairfax,6920,299.93
Fairfax,6921,698.37
Fairfax,6922,149.34
Fairfax,6923,393.14
Fairfax,6924,225.35
Fairfax,6925,225.86
Fairfax,6926,345.07
Fairfax,6927,167.04
Fairfax,6928,240.38
Fairfax,6929,98.17
Fairfax,6930,380.8
Fairfax,6931,384.4
Fairfax,6932,525.69
Fairfax,6933,154.81
Fairfax,6934,163.52
Fairfax,6935,320.36
Fairfax,6936,156.44
Fairfax,6937,398.6
Fairfax,6938,365.38
Fairfax,6939,523.49
Fairfax,6940,681.98
Fairfax,6941,192.11
Fairfax,6942,256.61
Fairfax,6943,311.87
Fairfax,6944,231.94
Fairfax,6945,235.19
Fairfax,6946,366.15999999999997
Fairfax,6947,250.16
Fairfax,6948,162.18
Fairfax,6949,778.7
Fairfax,6950,631.59
Fairfax,6951,355.19
Fairfax,6952,626.88
Fairfax,6953,467.58
Fairfax,6954,66.79
Fairfax,6955,420.61
Fairfax,6956,206.76
Fairfax,6957,223.99
Fairfax,6958,373.23
Fairfax,6959,618.67
Fairfax,6960,345.05
Fairfax,6961,175.73
Fairfax,6962,563.82
Fairfax,6963,335.35
Fairfax,6964,481.56
Fairfax,6965,289.56
Fairfax,6966,632.03
Fairfax,6967,217.46
Fairfax,6968,285.46
Fairfax,6969,538.11
Fairfax,6970,350.78
Fairfax,6971,310.31
Fairfax,6972,403.78
Fairfax,6973,530.2
Fairfax,6974,264.65
Fairfax,6975,315.03
Fairfax,6976,347.53
Fairfax,6977,190.54
Fairfax,6978,377.28000000000003
Fairfax,6979,197.32
Fairfax,6980,149.25
Fairfax,6981,214.28
Fairfax,6982,657.38
Fairfax,6983,209.57
Fairfax,6984,195.03
Fairfax,6985,572.74
Fairfax,6986,222.10999999999999
Fairfax,6987,265.13
Fairfax,6988,465.14
Fairfax,6989,430.04
Fairfax,6990,199.15
Fairfax,6991,300.13
Fairfax,6992,179.16
Fairfax,6993,356.59
Fairfax,6994,308.17
Fairfax,6995,481.89
Fairfax,6996,366.89
Fairfax,6997,347.43
Fairfax,6998,317.15
Fairfax,6999,187.37
Fairfax,7000,409.44
Fairfax,7001,274.43
Fairfax,7002,129.49
Fairfax,7003,420.13
Fairfax,7004,434.31
Fairfax,7005,619.08
Fairfax,7006,288.51
Fairfax,7007,476.81
Fairfax,7008,220.57999999999998
Fairfax,7009,655.37
Fairfax,7010,399.61
Fairfax,7011,306.88
Fairfax,7012,191.75
Fairfax,7013,214.06
Fairfax,7014,311.18
Fairfax,7015,144.91
Fairfax,7016,86.14
Fairfax,7017,239.57
Fairfax,7018,77.78
Fairfax,7019,259.24
Fairfax,7020,283.1
Fairfax,7021,23.23
Fairfax,7022,290.48
Fairfax,7023,0.0
Fairfax,7024,291.08
Fairfax,7025,261.82
Fairfax,7026,138.99
Fairfax,7027,183.59
Fairfax,7028,188.32999999999998
Fairfax,7029,447.61
Fairfax,7030,180.66
Fairfax,7031,314.73
Fairfax,7032,296.81
Fairfax,7033,212.35
Fairfax,7034,36.16
Fairfax,7035,410.54
Fairfax,7036,213.57
Fairfax,7037,360.55
Fairfax,7038,225.09
Fairfax,7039,222.79
Fairfax,7040,137.21
Fairfax,7041,635.58
Fairfax,7042,728.36
Fairfax,7043,555.3
Fairfax,7044,486.41
Fairfax,7045,263.4
Fairfax,7046,607.37
Fairfax,7047,259.47
Fairfax,7048,396.91
Fairfax,7049,523.11
Fairfax,7050,495.58
Fairfax,7051,223.9
Fairfax,7052,312.46
Fairfax,7053,272.7
Fairfax,7054,187.12
Fairfax,7055,703.09
Fairfax,7056,395.24
Fairfax,7057,429.68
Fairfax,7058,469.74
Fairfax,7059,320.58
Fairfax,7060,300.45
Fairfax,7061,107.14
Fairfax,7062,404.76
Fairfax,7063,374.21
Fairfax,7064,638.09
Fairfax,7065,253.89000000000001
Fairfax,7066,354.78000000000003
Fairfax,7067,450.13
Fairfax,7068,209.71
Fairfax,7069,550.74
Fairfax,7070,391.73
Fairfax,7071,166.9
Fairfax,7072,442.64
Fairfax,7073,251.96
Fairfax,7074,407.03000000000003
Fairfax,7075,281.85
Fairfax,7076,318.14
Fairfax,7077,231.2
Fairfax,7078,174.88
Fairfax,7079,420.32
Fairfax,7080,278.76
Fairfax,7081,764.0799999999999
Fairfax,7082,470.51
Fairfax,7083,663.2
Fairfax,7084,344.53
Fairfax,7085,96.47
Fairfax,7086,696.99
Fairfax,7087,344.08
Fairfax,7088,111.29
Fairfax,7089,140.55
Fairfax,7090,175.35
Fairfax,7091,335.11
Fairfax,7092,287.8
Fairfax,7093,598.35
Fairfax,7094,203.15
Fairfax,7095,426.55
Fairfax,7097,227.4
Fairfax,7098,355.84
Fairfax,7099,214.57999999999998
Fairfax,7100,309.33
Fairfax,7101,834.8100000000001
Fairfax,7102,188.28
Fairfax,7103,315.15
Fairfax,7104,199.88
Fairfax,7105,570.25
Fairfax,7106,320.81
Fairfax,7107,755.09
Fairfax,7108,224.38
Fairfax,7109,565.66
Fairfax,7110,235.72
Fairfax,7111,716.42
Fairfax,7112,285.35
Fairfax,7113,369.96
Fairfax,7114,330.73
Fairfax,7115,904.23
Fairfax,7116,294.9
Fairfax,7117,490.88
Fairfax,7118,375.54
Fairfax,7119,43.62
Fairfax,7120,273.69
Fairfax,7121,279.51
Fairfax,7122,507.99
Fairfax,7123,261.45
Fairfax,7124,241.97
Fairfax,7125,0.0
Fairfax,7126,162.41
Fairfax,7127,315.52
Fairfax,7128,194.53
Fairfax,7129,582.87
Fairfax,7130,94.05
Fairfax,7131,32.62
Fairfax,7132,405.95
Fairfax,7133,163.28
Fairfax,7134,424.26
Fairfax,7135,606.78
Fairfax,7136,500.96
Fairfax,7137,218.7
Fairfax,7138,325.24
Fairfax,7139,580.48
Fairfax,7140,479.82
Fairfax,7141,527.86
Fairfax,7142,397.58
Fairfax,7143,767.04
Fairfax,7144,204.16
Fairfax,7145,35.65
Fairfax,7146,170.71
Fairfax,7147,415.1
Fairfax,7148,251.44
Fairfax,7149,1395.47
Fairfax,7150,369.99
Fairfax,7151,465.89
Fairfax,7152,115.45
Fairfax,7153,189.67
Fairfax,7154,303.99
Fairfax,7155,245.76999999999998
Fairfax,7156,230.29
Fairfax,7157,259.91
Fairfax,7158,673.73
Fairfax,7159,270.79
Fairfax,7160,233.76
Fairfax,7161,198.29
Fairfax,7162,522.1
Fairfax,7163,509.32
Fairfax,7164,769.78
Fairfax,7165,407.98
Fairfax,7166,637.67
Fairfax,7167,355.9
Fairfax,7168,516.85
Fairfax,7169,604.91
Fairfax,7170,172.12
Fairfax,7171,528.26
Fairfax,7172,888.59
Fairfax,7173,167.78
Fairfax,7174,236.65
Fairfax,7175,697.9399999999999
Fairfax,7176,332.96
Fairfax,7177,205.44
Fairfax,7178,155.29
Fairfax,7179,392.76
Fairfax,7180,532.9
Fairfax,7181,173.44
Fairfax,7182,826.26
Fairfax,7183,346.9
Fairfax,7184,369.63
Fairfax,7185,471.02
Fairfax,7186,300.69
Fairfax,7187,478.57
Fairfax,7188,705.69
Fairfax,7189,319.03
Fairfax,7190,342.12
Fairfax,7191,339.46999999999997
Fairfax,7192,170.59
Fairfax,7193,506.68
Fairfax,7194,378.6
Fairfax,7195,436.84000000000003
Fairfax,7196,577.72
Fairfax,7197,444.23
Fairfax,7198,122.32000000000001
Fairfax,7199,262.18
Fairfax,7200,465.76
Fairfax,7201,213.05
Fairfax,7202,288.63
Fairfax,7203,384.32
Fairfax,7204,290.44
Fairfax,7205,300.17
Fairfax,7206,191.01
Fairfax,7207,169.01
Fairfax,7208,320.01
Fairfax,7209,176.74
Fairfax,7210,136.52
Fairfax,7211,317.32
Fairfax,7212,354.68
Fairfax,7213,353.96
Fairfax,7214,337.06
Fairfax,7215,523.5
Fairfax,7216,325.24
Fairfax,7217,808.22
Fairfax,7218,245.91
Fairfax,7219,221.12
Fairfax,7220,393.15
Fairfax,7221,456.95
Fairfax,7222,470.99
Fairfax,7223,265.13
Fairfax,7224,213.42000000000002
Fairfax,7225,265.68
Fairfax,7226,232.2
Fairfax,7227,1049.0
Fairfax,7228,519.02
Fairfax,7229,164.95
Fairfax,7230,298.5
Fairfax,7231,223.15
Fairfax,7232,207.55
Fairfax,7233,654.69
Fairfax,7234,280.3
Fairfax,7235,488.33
Fairfax,7236,225.55
Fairfax,7237,242.03
Fairfax,7239,674.95
Fairfax,7240,539.4
Fairfax,7241,402.65
Fairfax,7242,450.84000000000003
Fairfax,7243,145.85
Fairfax,7244,132.32
Fairfax,7245,472.49
Fairfax,7246,813.8
Fairfax,7247,222.9
Fairfax,7248,330.09
Fairfax,7250,320.36
Fairfax,7251,568.86
Fairfax,7252,326.96
Fairfax,7253,388.62
Fairfax,7254,556.38
Fairfax,7255,557.12
Fairfax,7256,486.82
Fairfax,7257,130.73
Fairfax,7258,209.59
Fairfax,7259,49.53
Fairfax,7260,461.07
Fairfax,7261,319.99
Fairfax,7262,369.17
Fairfax,7263,347.28
Fairfax,7264,750.17
Fairfax,7265,295.39
Fairfax,7266,0.0
Fairfax,7267,0.0
Fairfax,7268,0.0
Fairfax,7269,286.43
Fairfax,7270,649.98
Fairfax,7271,491.48
Fairfax,7272,332.16
Fairfax,7273,389.73
Fairfax,7274,336.05
Fairfax,7275,345.24
Fairfax,7277,766.36
Fairfax,7278,99.53
Fairfax,7279,378.12
Fairfax,7280,573.25
Fairfax,7281,331.33
Fairfax,7282,208.47
Fairfax,7283,308.98
Fairfax,7284,284.61
Fairfax,7285,382.81
Fairfax,7286,307.68
Fairfax,7287,280.37
Fairfax,7288,205.72
Fairfax,7289,456.48
Fairfax,7290,212.37
Fairfax,7291,137.48
Fairfax,7292,236.09
Fairfax,7293,290.38
Fairfax,7294,293.2
Fairfax,7295,580.47
Fairfax,7296,319.95
Fairfax,7297,50.66
Fairfax,7298,366.6
Fairfax,7299,506.39
Fairfax,7300,408.02
Fairfax,7301,147.05
Fairfax,7302,386.65
Fairfax,7303,144.88
Fairfax,7304,200.27
Fairfax,7305,413.41
Fairfax,7306,752.1899999999999
Fairfax,7307,435.16
Fairfax,7308,116.97999999999999
Fairfax,7309,89.71
Fairfax,7310,307.53
Fairfax,7311,263.01
Fairfax,7312,453.24
Fairfax,7313,160.74
Fairfax,7314,209.7
Fairfax,7315,448.45
Fairfax,7316,317.15
Fairfax,7317,176.53
Fairfax,7318,244.88
Fairfax,7319,263.1
Fairfax,7320,228.33
Fairfax,7321,236.48000000000002
Fairfax,7322,410.63
Fairfax,7323,366.87
Fairfax,7324,350.57
Fairfax,7325,196.92000000000002
Fairfax,7326,793.89
Fairfax,7327,292.4
Fairfax,7328,323.65
Fairfax,7329,166.06
Fairfax,7330,306.43
Fairfax,7331,427.83
Fairfax,7332,172.4
Fairfax,7333,206.51
Fairfax,7334,154.44
Fairfax,7335,401.15999999999997
Fairfax,7336,342.01
Fairfax,7337,414.55
Fairfax,7338,116.36999999999999
Fairfax,7339,348.4
Fairfax,7340,243.75
Fairfax,7341,147.12
Fairfax,7342,500.44
Fairfax,7343,387.82
Fairfax,7344,317.25
Fairfax,7345,662.26
Fairfax,7346,422.14
Fairfax,7347,386.11
Fairfax,7348,309.84
Fairfax,16415,551.79
Fairfax,16416,1452.46
Fairfax,16418,395.83
Fairfax,16419,531.49
Fairfax,16423,463.90999999999997
Fairfax,16428,1255.6200000000001
Fairfax,16434,1085.08
Fairfax,16436,807.41
Glouster,902,416.62
Glouster,903,148.38
Glouster,904,286.45
Glouster,905,223.45000000000002
Glouster,906,136.49
Glouster,907,181.17
Glouster,908,115.86
Glouster,909,450.57
Glouster,910,138.24
Glouster,911,87.18
Glouster,912,106.12
Glouster,913,438.31
Glouster,914,28.86
Glouster,915,324.64
Glouster,916,67.81
Glouster,917,11.22
Glouster,918,48.33
Glouster,919,682.29
Glouster,920,552.98
Glouster,921,148.4
Glouster,922,333.87
Glouster,923,213.47
Glouster,924,65.01
Glouster,925,104.48
Glouster,926,13.93
Glouster,927,2.27
Glouster,928,170.0
Glouster,929,167.55
Glouster,930,86.65
Glouster,931,88.15
Glouster,932,400.77
Glouster,933,174.5
Glouster,934,196.62
Glouster,935,94.6
Glouster,936,357.7
Glouster,937,122.5
Glouster,938,90.9
Glouster,939,286.33
Glouster,940,238.34
Glouster,941,38.29
Glouster,942,156.5
Glouster,943,115.62
Glouster,944,126.41
Glouster,945,280.12
Glouster,946,116.33
Glouster,947,334.09
Glouster,948,689.33
Glouster,949,165.87
Glouster,950,227.59
Glouster,951,155.19
Glouster,952,18.42
Glouster,953,476.56
Glouster,954,186.6
Glouster,955,140.6
Glouster,956,85.64
Glouster,957,159.60999999999999
Glouster,958,327.21
Glouster,959,72.87
Glouster,960,101.25
Glouster,961,45.769999999999996
Glouster,962,464.7
Glouster,963,5.16
Glouster,964,346.49
Glouster,965,76.23
Glouster,966,173.16
Glouster,967,154.24
Glouster,968,154.04
Glouster,969,82.71
Glouster,970,20.56
Glouster,971,296.99
Glouster,972,138.78
Glouster,973,188.96
Glouster,974,213.34
Glouster,975,346.06
Glouster,976,186.85
Glouster,977,97.83
Glouster,978,123.83
Glouster,979,263.09
Glouster,980,125.38
Glouster,981,169.45
Glouster,982,42.08
Glouster,983,83.33
Glouster,984,185.4
Glouster,985,37.82
Glouster,986,78.9
Glouster,987,45.4
Glouster,988,333.01
Glouster,989,31.71
Glouster,990,129.0
Glouster,991,283.95
Glouster,992,169.33
Glouster,993,140.01999999999998
Glouster,994,322.3
Glouster,995,193.81
Glouster,996,212.24
Glouster,997,131.04
Glouster,998,129.59
Glouster,999,234.12
Glouster,1000,45.62
Glouster,1001,178.19
Glouster,1002,63.86
Glouster,1003,143.55
Glouster,1004,320.99
Glouster,1005,9.84
Glouster,1006,233.28
Glouster,1007,199.97
Glouster,1008,268.73
Glouster,1009,437.58
Glouster,1010,459.05
Glouster,1011,43.23
Glouster,1012,133.22
Glouster,1013,175.68
Glouster,1014,251.75
Glouster,1015,127.18
Glouster,1016,113.48
Glouster,1017,14.28
Glouster,1018,282.04
Glouster,1019,254.95
Glouster,1020,137.32
Glouster,1021,120.06
Glouster,1022,140.89000000000001
Glouster,1023,167.22
Glouster,1024,83.15
Glouster,1025,147.79
Glouster,1026,112.01
Glouster,1027,179.47
Glouster,1028,381.8
Glouster,1029,148.43
Glouster,1030,58.8
Glouster,1031,171.24
Glouster,1032,138.84
Glouster,1033,173.26
Glouster,1034,98.27
Glouster,1035,261.35
Glouster,1036,123.75999999999999
Glouster,1037,430.39
Glouster,1038,382.82
Glouster,1039,252.95
Glouster,1040,288.22
Glouster,1041,27.73
Glouster,1042,91.33
Glouster,1043,158.10999999999999
Glouster,1044,254.4
Glouster,1045,84.72
Glouster,1046,673.09
Glouster,1047,58.019999999999996
Glouster,1048,120.88000000000001
Glouster,1049,282.5
Glouster,1050,128.74
Glouster,1051,93.26
Glouster,1052,90.28
Glouster,1053,576.09
Glouster,1054,162.89000000000001
Glouster,1055,37.23
Glouster,1056,300.74
Glouster,1057,103.32
Glouster,1058,128.28
Glouster,1059,110.23
Glouster,1060,16.63
Glouster,1061,354.95
Glouster,1062,332.95
Glouster,1063,194.63
Glouster,1064,187.36
Glouster,1065,485.67
Glouster,1067,227.1
Glouster,1068,217.72
Glouster,1069,160.17
Glouster,1070,60.25
Glouster,1071,295.1
Glouster,1072,346.54
Glouster,1073,266.27
Glouster,1074,44.49
Glouster,1075,11.8
Glouster,1076,32.14
Glouster,1077,211.25
Glouster,1078,256.3
Glouster,1079,364.19
Glouster,1080,220.73
Glouster,1081,366.7
Glouster,1082,178.57
Glouster,1083,189.67
Glouster,1084,191.01
Glouster,1085,180.66
Glouster,1086,166.09
Glouster,1087,321.53000000000003
Glouster,1088,179.15
Glouster,1089,212.86
Glouster,1090,104.5
Glouster,1091,362.21
Glouster,1092,235.49
Glouster,1093,150.73
Glouster,1094,254.2
Glouster,1095,85.53
Glouster,1096,220.31
Glouster,1097,229.85
Glouster,1098,100.8
Glouster,1099,241.38
Glouster,1100,85.9
Glouster,1101,136.85
Glouster,1102,187.84
Glouster,1103,62.67
Glouster,1104,175.47
Glouster,1105,767.0
Glouster,1106,205.15
Glouster,1107,288.76
Glouster,1108,747.02
Glouster,1109,240.34
Glouster,1110,189.77
Glouster,1111,155.99
Glouster,1112,31.74
Glouster,1113,236.93
Glouster,1114,73.34
Glouster,1115,3.84
Glouster,1116,174.52
Glouster,1117,247.34
Glouster,1118,153.33
Glouster,1119,72.35
Glouster,1120,193.73
Glouster,1121,287.36
Glouster,1122,117.86
Glouster,1123,584.13
Glouster,1124,48.18
Glouster,1125,92.81
Glouster,1126,65.96
Glouster,1127,267.03000000000003
Glouster,1128,31.38
Glouster,1129,265.94
Glouster,1130,228.16
Glouster,1131,103.78
Glouster,1132,173.79
Glouster,1133,481.84
Glouster,1134,363.21999999999997
Glouster,1135,140.59
Glouster,1136,300.11
Glouster,1137,259.47
Glouster,1138,106.1
Glouster,1139,384.51
Glouster,1140,635.71
Glouster,1141,93.38
Glouster,1142,184.42
Glouster,1143,517.81
Glouster,1144,176.16
Glouster,1145,138.47
Glouster,1146,259.83
Glouster,1147,131.93
Glouster,1148,44.33
Glouster,1149,101.45
Glouster,1150,406.02
Glouster,1151,199.82
Glouster,1152,177.67000000000002
Glouster,1153,149.34
Glouster,1154,77.16
Glouster,1155,40.06
Glouster,1156,214.88
Glouster,1157,339.5
Glouster,1158,353.08
Glouster,1159,70.07
Glouster,1160,128.66
Glouster,1161,192.98000000000002
Glouster,1162,88.91
Glouster,1163,56.18
Glouster,1164,321.69
Glouster,1165,211.36
Glouster,1166,34.51
Glouster,1167,328.5
Glouster,1168,101.72
Glouster,1169,320.78
Glouster,1170,269.67
Glouster,1171,293.69
Glouster,1172,304.77
Glouster,1173,121.78
Glouster,1174,206.45
Glouster,1175,11.6
Glouster,1176,55.15
Glouster,1177,368.4
Glouster,1178,140.19
Glouster,1179,66.86
Glouster,1180,58.48
Glouster,1181,194.77
Glouster,1182,44.72
Glouster,1183,108.15
Glouster,1184,67.68
Glouster,1185,8.209999999999999
Glouster,1186,137.06
Glouster,1187,205.59
Glouster,1188,162.1
Glouster,1189,125.32
Glouster,1190,330.71
Glouster,1191,87.25
Glouster,1192,593.02
Glouster,1193,119.47
Glouster,1194,40.96
Glouster,1195,32.6
Glouster,1196,194.23000000000002
Glouster,1197,154.14000000000001
Glouster,1198,122.35
Glouster,1199,159.15
Glouster,1200,201.03
Glouster,1201,145.28
Glouster,1202,248.26999999999998
Glouster,1203,286.31
Glouster,2204,175.13
Glouster,2205,283.35
Glouster,2206,285.89
Glouster,2207,161.21
Glouster,2208,74.61
Glouster,2209,101.51
Glouster,2210,327.75
Glouster,2211,245.84
Glouster,2212,104.24
Glouster,2213,13.549999999999999
Glouster,2214,168.22
Glouster,2215,79.2
Glouster,2216,292.1
Glouster,2217,460.79
Glouster,2218,191.46
Glouster,2219,214.51999999999998
Glouster,2220,276.37
Glouster,2221,179.63
Glouster,2222,175.9
Glouster,2223,230.92
Glouster,2225,384.5
Glouster,2226,436.46999999999997
Glouster,2227,163.23
Glouster,2228,143.24
Glouster,2229,76.32
Glouster,2230,45.91
Glouster,2231,58.02
Glouster,2232,113.81
Glouster,2233,126.33
Glouster,2234,51.92
Glouster,2235,221.74
Glouster,2236,211.49
Glouster,2237,97.9
Glouster,2238,117.42
Glouster,2239,261.37
Glouster,2240,19.8
Glouster,2241,83.26
Glouster,2242,617.27
Glouster,2243,235.17
Glouster,2244,222.19
Glouster,2245,129.64000000000001
Glouster,2246,41.730000000000004
Glouster,2247,309.79
Glouster,2248,262.05
Glouster,2249,200.13
Glouster,2250,299.63
Glouster,2251,431.08
Glouster,2252,557.95
Glouster,2253,144.44
Glouster,2254,113.56
Glouster,2255,220.59
Glouster,2256,565.19
Glouster,2257,340.11
Glouster,2258,131.82
Glouster,2259,129.19
Glouster,2260,72.13
Glouster,2261,341.01
Glouster,2262,313.46
Glouster,2263,310.34
Glouster,2264,1.45
Glouster,2265,65.1
Glouster,2266,122.15
Glouster,2267,241.9
Glouster,2268,222.01
Glouster,2269,485.33
Glouster,2270,43.25
Glouster,2271,133.18
Glouster,2272,331.87
Glouster,2273,158.22
Glouster,2274,202.11
Glouster,2275,295.89
Glouster,2276,345.4
Glouster,2277,101.99
Glouster,2278,72.78
Glouster,2279,64.05
Glouster,2280,90.82
Glouster,2281,134.34
Glouster,2282,484.89
Glouster,2283,93.35
Glouster,2284,166.85
Glouster,2285,130.22
Glouster,2286,131.66
Glouster,2287,144.22
Glouster,2288,189.47
Glouster,2289,113.36
Glouster,2290,385.85
Glouster,2291,316.55
Glouster,2292,165.6
Glouster,2293,194.11
Glouster,2294,134.19
Glouster,2295,197.74
Glouster,2296,281.23
Glouster,2297,264.24
Glouster,2298,370.05
Glouster,2299,361.94
Glouster,2300,211.53
Glouster,2301,259.73
Glouster,2302,100.65
Glouster,2303,73.92
Glouster,2304,355.05
Glouster,2305,171.75
Glouster,2306,328.86
Glouster,2307,282.2
Glouster,2308,57.33
Glouster,2309,266.77
Glouster,2310,35.78
Glouster,2311,44.56
Glouster,2312,172.11
Glouster,2313,172.55
Glouster,2314,133.67000000000002
Glouster,2315,139.19
Glouster,2316,130.84
Glouster,2317,0.0
Glouster,2318,213.24
Glouster,2319,167.07999999999998
Glouster,2320,136.37
Glouster,2321,191.15
Glouster,2322,252.45
Glouster,2323,343.51
Glouster,2324,217.54
Glouster,2325,128.37
Glouster,2326,97.14
Glouster,2327,190.13
Glouster,2328,199.78
Glouster,2329,122.24
Glouster,2330,321.45
Glouster,2331,148.48
Glouster,2332,170.6
Glouster,2333,208.19
Glouster,2334,300.65
Glouster,2335,197.93
Glouster,2336,62.2
Glouster,2337,242.78
Glouster,2338,108.71
Glouster,2339,122.63
Glouster,2340,93.65
Glouster,2341,305.19
Glouster,2342,255.59
Glouster,2343,250.66
Glouster,2344,209.42
Glouster,2345,158.87
Glouster,2346,424.41
Glouster,2347,247.38
Glouster,2348,417.27
Glouster,2349,46.3
Glouster,2350,105.44
Glouster,2351,138.34
Glouster,2352,81.65
Glouster,2353,211.08
Glouster,2354,289.2
Glouster,2355,591.2
Glouster,2356,123.75
Glouster,2357,66.86
Glouster,2358,165.91
Glouster,2359,61.43
Glouster,2360,106.43
Glouster,2361,141.69
Glouster,2362,224.98
Glouster,2363,66.4
Glouster,2364,109.03999999999999
Glouster,2365,146.34
Glouster,2366,47.92
Glouster,2367,195.92
Glouster,2368,791.32
Glouster,2369,139.89
Glouster,2370,264.69
Glouster,2371,333.32
Glouster,2372,113.63
Glouster,2373,56.51
Glouster,2374,188.23
Glouster,2375,174.57
Glouster,2376,116.33
Glouster,2377,53.09
Glouster,2378,31.5
Glouster,2379,119.7
Glouster,2380,140.66
Glouster,2381,234.32
Glouster,2382,64.65
Glouster,2383,75.23
Glouster,2384,154.44
Glouster,2385,587.39
Glouster,2386,185.95
Glouster,2387,91.76
Glouster,2388,183.09
Glouster,2389,213.01
Glouster,2390,389.13
Glouster,2391,95.8
Glouster,2392,309.14
Glouster,2393,108.66
Glouster,2394,72.15
Glouster,2395,234.67000000000002
Glouster,2396,303.67
Glouster,2397,178.48
Glouster,2398,387.01
Glouster,2399,169.94
Glouster,2400,435.3
Glouster,2401,180.79
Glouster,2402,129.61
Glouster,2403,162.95
Glouster,2404,118.23
Glouster,2405,274.93
Glouster,2406,287.99
Glouster,2407,124.63
Glouster,2408,206.77
Glouster,2409,120.49
Glouster,2410,412.61
Glouster,2411,252.0
Glouster,2412,128.76
Glouster,2413,406.24
Glouster,2414,251.13
Glouster,2415,493.28000000000003
Glouster,2416,164.1
Glouster,2417,185.78
Glouster,2418,184.84
Glouster,2419,72.31
Glouster,2420,53.1
Glouster,2421,207.35
Glouster,2422,243.24
Glouster,2423,190.59
Glouster,2424,55.15
Glouster,2425,94.66
Glouster,2426,217.49
Glouster,2427,119.24
Glouster,2428,447.55
Glouster,2429,129.79
Glouster,2430,266.85
Glouster,2431,125.34
Glouster,2432,275.6
Glouster,2433,61.11
Glouster,2434,146.67
Glouster,2435,131.54
Glouster,2436,37.519999999999996
Glouster,2437,155.37
Glouster,2438,244.99
Glouster,2439,99.44
Glouster,2440,204.65
Glouster,2441,90.97
Glouster,2442,30.23
Glouster,2443,61.160000000000004
Glouster,2444,280.85
Glouster,2445,467.77
Glouster,2446,85.61
Glouster,2447,59.629999999999995
Glouster,2448,13.49
Glouster,2449,86.43
Glouster,2450,73.44
Glouster,2451,117.92
Glouster,2452,236.62
Glouster,2453,360.14
Glouster,2454,83.19
Glouster,2455,51.6
Glouster,2456,200.39000000000001
Glouster,2457,199.68
Glouster,2458,388.01
Glouster,2459,49.29
Glouster,2460,249.05
Glouster,2461,526.22
Glouster,2462,60.32
Glouster,2463,49.01
Glouster,2464,103.37
Glouster,2465,139.95
Glouster,2466,174.2
Glouster,2467,137.49
Glouster,2468,240.04
Glouster,2469,210.07
Glouster,2470,299.12
Glouster,2471,143.18
Glouster,2472,81.81
Glouster,2473,136.16
Glouster,2474,27.37
Glouster,2475,124.22
Glouster,2476,130.65
Glouster,2477,61.17
Glouster,2478,143.76
Glouster,2479,151.15
Glouster,2480,145.97
Glouster,2481,100.16
Glouster,2482,49.410000000000004
Glouster,2483,59.96
Glouster,2484,550.76
Glouster,2485,194.3
Glouster,2486,191.48
Glouster,2487,133.32
Glouster,2488,93.7
Glouster,2489,372.86
Glouster,2490,186.35999999999999
Glouster,2491,153.56
Glouster,2492,146.07999999999998
Glouster,2493,149.88
Glouster,2494,245.62
Glouster,2495,311.69
Glouster,2496,1.17
Glouster,2497,216.6
Glouster,2498,312.72
Glouster,2499,231.76
Glouster,2500,114.86
Glouster,2501,83.05
Glouster,2502,267.68
Glouster,2503,22.68
Glouster,2504,64.5
Glouster,2505,231.18
Glouster,2506,219.04
Glouster,2507,65.13
Glouster,2508,153.69
Glouster,2509,195.09
Glouster,2510,42.47
Glouster,2511,77.06
Glouster,2512,564.74
Glouster,2513,156.81
Glouster,2514,63.0
Glouster,2515,30.24
Glouster,2516,315.44
Glouster,2517,258.83
Glouster,2518,183.89
Glouster,2519,77.45
Glouster,2520,385.68
Glouster,2521,128.56
Glouster,2522,25.85
Glouster,2523,565.01
Glouster,2524,225.92
Glouster,2525,233.91
Glouster,2526,124.28999999999999
Glouster,2527,170.65
Glouster,2528,284.73
Glouster,2529,110.57
Glouster,2530,97.65
Glouster,2531,285.46
Glouster,2532,108.84
Glouster,2533,229.32
Glouster,2534,134.1
Glouster,2535,122.63
Glouster,2536,0.06
Glouster,2537,48.43
Glouster,2538,146.46
Glouster,2539,153.18
Glouster,2540,379.71
Glouster,2541,183.77
Glouster,9542,276.89
Glouster,9543,639.99
Glouster,9544,596.31
Glouster,9545,220.44
Glouster,9546,275.85
Glouster,9547,109.72
Glouster,9548,164.18
Glouster,9549,0.42
Glouster,9550,614.1800000000001
Glouster,9551,116.97
Glouster,9552,248.68
Glouster,9553,192.38
Glouster,9554,233.31
Glouster,9555,317.4
Glouster,9556,427.84
Glouster,9557,336.36
Glouster,9558,250.38
Glouster,9559,195.4
Glouster,9560,269.39
Glouster,9561,342.97
Glouster,9562,417.35
Glouster,9563,377.67
Glouster,9564,497.85
Glouster,9565,277.84
Glouster,9566,419.77
Glouster,9567,599.2
Glouster,9568,278.17
Glouster,9569,278.81
Glouster,9570,281.35
Glouster,9571,102.93
Glouster,9572,762.04
Glouster,9573,295.17
Glouster,9574,274.33
Glouster,9575,421.99
Glouster,9576,270.98
Glouster,9577,453.8
Glouster,9578,262.42
Glouster,9579,46.1
Glouster,9580,416.67
Glouster,9581,334.98
Glouster,9582,461.78000000000003
Glouster,9583,287.46
Glouster,9584,216.17
Glouster,9585,456.28
Glouster,9586,562.91
Glouster,9587,571.79
Glouster,9588,101.2
Glouster,9589,143.87
Glouster,9590,246.76
Glouster,9591,151.85
Glouster,9592,407.57
Glouster,9593,21.810000000000002
Glouster,9594,660.39
Glouster,9595,432.51
Glouster,9596,216.79
Glouster,9597,480.96
Glouster,9598,434.39
Glouster,9599,421.79
Glouster,9600,114.15
Glouster,9601,284.21
Glouster,9602,101.14
Glouster,9603,495.49
Glouster,9606,539.11
Glouster,9607,216.33
Glouster,9608,414.6
Glouster,9609,214.95
Glouster,9610,591.43
Glouster,9611,528.23
Glouster,9612,17.88
Glouster,9613,423.56
Glouster,9614,133.51
Glouster,9615,156.48
Glouster,9616,210.06
Glouster,9617,458.16
Glouster,9618,271.25
Glouster,9619,500.24
Glouster,9620,1107.22
Glouster,9621,368.76
Glouster,9622,209.16
Glouster,9623,110.32000000000001
Glouster,9624,241.54
Glouster,9625,373.56
Glouster,9626,555.9
Glouster,9627,56.260000000000005
Glouster,9628,208.12
Glouster,9629,230.93
Glouster,9630,181.10999999999999
Glouster,9631,354.73
Glouster,9632,386.95
Glouster,9633,220.74
Glouster,9634,413.79
Glouster,9635,299.69
Glouster,9636,546.03
Glouster,9637,244.69
Glouster,9638,308.01
Glouster,9639,583.57
Glouster,9640,78.09
Glouster,9641,273.56
Glouster,9642,57.06
Glouster,9643,370.64
Glouster,9644,157.81
Glouster,9645,155.97
Glouster,9646,653.2
Glouster,9647,102.11
Glouster,9648,687.27
Glouster,9649,447.3
Glouster,9650,682.12
Glouster,9651,112.17
Glouster,9652,161.53
Glouster,9653,195.87
Glouster,9654,333.31
Glouster,9655,247.01
Glouster,9656,506.13
Glouster,9657,427.15
Glouster,9658,91.69
Glouster,9659,122.42
Glouster,9660,654.83
Glouster,9661,1084.74
Glouster,9662,333.04
Glouster,9663,292.6
Glouster,9664,209.64000000000001
Glouster,9665,44.96
Glouster,9666,217.3
Glouster,9667,309.64
Glouster,9668,362.23
Glouster,9669,444.59
Glouster,9670,816.65
Glouster,9671,59.76
Glouster,9672,958.77
Glouster,9673,292.0
Glouster,9674,305.3
Glouster,9675,230.78
Glouster,9676,800.81
Glouster,9677,583.12
Glouster,9678,190.13
Glouster,9679,416.39
Glouster,9680,329.38
Glouster,9681,384.46999999999997
Glouster,9682,229.79
Glouster,9683,364.57
Glouster,9684,826.22
Glouster,9685,18.0
Helena,3902,273.72
Helena,3903,225.84
Helena,3904,156.14
Helena,3905,308.48
Helena,3906,15.35
Helena,3907,381.29
Helena,3908,137.76
Helena,3909,431.02
Helena,3910,128.84
Helena,3911,623.23
Helena,3912,542.94
Helena,3913,341.72
Helena,3914,339.1
Helena,3915,6.95
Helena,3916,134.24
Helena,3917,677.05
Helena,3918,582.03
Helena,3919,147.32999999999998
Helena,3920,244.09
Helena,3921,256.48
Helena,3922,477.21
Helena,3923,391.67
Helena,3924,163.57
Helena,3925,398.18
Helena,3926,521.35
Helena,3927,466.57
Helena,3928,443.29
Helena,3929,417.68
Helena,3930,279.31
Helena,3931,233.48999999999998
Helena,3932,594.19
Helena,3933,548.22
Helena,3934,238.61
Helena,3935,335.27
Helena,3936,573.65
Helena,3937,404.42
Helena,3938,269.81
Helena,3939,199.32
Helena,3940,355.85
Helena,3941,242.12
Helena,3942,142.12
Helena,3943,34.24
Helena,3944,287.86
Helena,3945,192.86
Helena,3946,99.44
Helena,3947,140.72
Helena,3948,433.16
Helena,3949,464.07
Helena,3950,0.0
Helena,3951,239.15
Helena,3952,893.63
Helena,3953,406.08
Helena,3954,687.18
Helena,3955,293.57
Helena,3956,594.24
Helena,3957,668.52
Helena,3958,149.78
Helena,3959,245.2
Helena,3960,373.31
Helena,3961,248.67
Helena,3962,196.24
Helena,3963,295.02
Helena,3964,354.73
Helena,3965,606.6
Helena,3966,130.12
Helena,3967,129.52
Helena,3968,200.62
Helena,3969,224.4
Helena,3970,207.93
Helena,3971,237.23
Helena,3972,21.31
Helena,3973,134.49
Helena,3974,159.86
Helena,3975,368.95
Helena,3976,118.22
Helena,3977,181.24
Helena,3978,213.09
Helena,3979,259.42
Helena,3980,815.68
Helena,3981,121.64
Helena,3982,258.14
Helena,3983,492.47
Helena,3984,171.12
Helena,3985,249.47
Helena,3986,102.48
Helena,3987,177.84
Helena,3988,405.07
Helena,3989,314.67
Helena,3990,117.15
Helena,3991,151.82
Helena,3992,486.96999999999997
Helena,3993,166.03
Helena,3994,219.22
Helena,3995,130.52
Helena,3996,491.65
Helena,3997,329.15
Helena,3998,447.84000000000003
Helena,3999,371.88
Helena,4000,164.76
Helena,4001,305.43
Helena,4002,121.82000000000001
Helena,4003,184.36
Helena,4004,0.0
Helena,4005,344.63
Helena,4006,701.95
Helena,4007,550.31
Helena,4008,668.37
Helena,4009,348.72
Helena,4010,277.46
Helena,4011,403.6
Helena,4012,284.13
Helena,4013,632.01
Helena,4014,218.09
Helena,4015,470.79
Helena,4016,452.15000000000003
Helena,4017,527.82
Helena,4018,135.08
Helena,4019,148.13
Helena,4020,319.17
Helena,4021,44.08
Helena,4022,640.4399999999999
Helena,4023,213.03
Helena,4024,507.67
Helena,4025,406.88
Helena,4026,767.99
Helena,4027,460.72
Helena,4028,141.46
Helena,4029,718.12
Helena,4030,337.41
Helena,4031,481.84000000000003
Helena,4032,0.0
Helena,4033,0.0
Helena,4034,424.46999999999997
Helena,4035,363.1
Helena,4036,380.7
Helena,4037,255.07
Helena,4038,699.98
Helena,4039,433.27
Helena,4040,346.63
Helena,4041,50.61
Helena,4042,299.66
Helena,4043,339.8
Helena,4044,172.95
Helena,4045,98.96
Helena,4046,0.0
Helena,4047,188.28
Helena,4048,92.62
Helena,4049,395.79
Helena,4050,205.66
Helena,4051,178.74
Helena,4052,0.0
Helena,4053,33.95
Helena,4054,276.49
Helena,4055,167.38
Helena,4056,2.7
Helena,4057,351.49
Helena,4058,274.65
Helena,4059,564.93
Helena,4060,408.94
Helena,4061,657.82
Helena,4062,255.73
Helena,4063,191.63
Helena,4064,315.0
Helena,4065,354.26
Helena,4066,260.73
Helena,4067,387.49
Helena,4068,219.49
Helena,4069,184.7
Helena,4070,355.02
Helena,4071,422.6
Helena,4072,167.7
Helena,4073,332.91
Helena,4074,326.26
Helena,4075,18.07
Helena,4076,105.52
Helena,4077,300.37
Helena,4078,266.35
Helena,4079,30.25
Helena,4080,216.75
Helena,4081,281.75
Helena,4082,172.82
Helena,4083,261.01
Helena,4084,429.47
Helena,4085,226.79
Helena,4086,89.59
Helena,4087,42.09
Helena,4088,168.29
Helena,4089,156.29
Helena,4090,163.46
Helena,4091,190.28
Helena,4092,437.98
Helena,4093,256.75
Helena,4094,208.51
Helena,4095,439.97
Helena,4096,281.25
Helena,4097,210.72
Helena,4098,147.38
Helena,4099,51.23
Helena,4100,123.86
Helena,4101,239.61
Helena,4102,333.58
Helena,4103,220.86
Helena,4104,66.58
Helena,4105,57.94
Helena,4106,230.06
Helena,4107,165.21
Helena,4108,160.03
Helena,4109,295.35
Helena,4110,219.39
Helena,4111,133.55
Helena,4112,262.98
Helena,4113,481.79
Helena,4114,134.12
Helena,4115,249.04
Helena,4116,358.48
Helena,4117,174.51
Helena,4118,201.15
Helena,4119,546.24
Helena,4120,304.21
Helena,4121,323.91
Helena,4122,390.71
Helena,4123,672.06
Helena,4124,136.94
Helena,4125,0.06
Helena,4126,264.0
Helena,4127,207.86
Helena,4128,374.38
Helena,4129,147.38
Helena,4130,515.58
Helena,4131,310.01
Helena,4132,636.4300000000001
Helena,4133,285.02
Helena,4134,111.17999999999999
Helena,4135,332.98
Helena,4136,293.89
Helena,4137,283.31
Helena,4138,309.05
Helena,4139,262.43
Helena,4140,328.51
Helena,4141,631.16
Helena,4142,649.0
Helena,4143,547.98
Helena,4144,266.07
Helena,4145,394.65
Helena,4146,355.58
Helena,4147,7.26
Helena,4148,248.81
Helena,4149,307.76
Helena,4150,387.69
Helena,4151,378.47
Helena,4152,74.68
Helena,4153,366.22
Helena,4154,310.19
Helena,4155,331.25
Helena,4156,14.48
Helena,4157,137.14
Helena,4158,992.56
Helena,4159,692.28
Helena,4160,0.0
Helena,4161,257.5
Helena,4162,161.75
Helena,4163,332.39
Helena,4164,176.72
Helena,4165,428.59
Helena,4166,576.54
Helena,4167,523.16
Helena,4168,364.01
Helena,4169,369.01
Helena,4170,686.68
Helena,4171,535.51
Helena,4172,122.79
Helena,4173,49.730000000000004
Helena,4174,265.64
Helena,4175,230.88
Helena,4176,224.06
Helena,4177,398.46
Helena,4178,181.47
Helena,4179,128.5
Helena,4180,328.46
Helena,4181,268.38
Helena,4182,345.99
Helena,4183,254.95
Helena,4184,839.38
Helena,4185,166.93
Helena,4186,295.93
Helena,4187,358.99
Helena,4188,883.4
Helena,4189,334.61
Helena,4190,586.94
Helena,4191,0.0
Helena,4192,783.24
Helena,4193,319.33
Helena,4194,329.28
Helena,4195,215.72
Helena,4196,273.62
Helena,4197,432.5
Helena,4198,173.98
Helena,4199,411.85
Helena,4200,683.58
Helena,4201,218.13
Helena,4202,793.43
Helena,4203,187.43
Helena,4204,710.37
Helena,4205,470.17
Helena,4206,443.05
Helena,4207,345.4
Helena,4208,630.19
Helena,4209,375.04
Helena,4210,683.26
Helena,4211,196.77
Helena,4212,402.96
Helena,4213,226.21
Helena,4214,497.54
Helena,4215,819.53
Helena,4216,258.93
Helena,4217,250.05
Helena,4218,306.83
Helena,4219,559.32
Helena,4220,281.25
Helena,4221,235.88
Helena,4222,194.57
Helena,4223,187.68
Helena,4224,404.76
Helena,4225,371.69
Helena,4226,314.22
Helena,4227,550.7
Helena,4228,373.12
Helena,4229,397.18
Helena,4230,809.1899999999999
Helena,4231,174.37
Helena,4232,373.5
Helena,4233,424.61
Helena,4234,157.05
Helena,4235,809.11
Helena,4236,272.43
Helena,4237,180.79
Helena,4238,369.5
Helena,4239,161.27
Helena,4240,282.32
Helena,4241,237.5
Helena,4242,305.31
Helena,4243,0.0
Helena,4244,157.38
Helena,4245,641.91
Helena,4246,267.35
Helena,4247,214.73
Helena,4248,208.15
Helena,4249,515.86
Helena,4250,263.72
Helena,4251,169.01
Helena,4252,133.13
Helena,4253,174.29
Helena,4254,54.77
Helena,4255,250.91
Helena,4256,312.64
Helena,4257,268.73
Helena,4258,534.83
Helena,4259,498.24
Helena,4260,941.29
Helena,4261,496.1
Helena,4262,319.46999999999997
Helena,4263,347.62
Helena,4264,520.18
Helena,4265,177.24
Helena,4266,553.15
Helena,4267,0.0
Helena,4268,1795.6
Helena,4269,210.55
Helena,4270,401.06
Helena,4271,401.67
Helena,4272,527.2
Helena,4273,413.94
Helena,4274,248.85
Helena,4275,730.22
Helena,4276,0.0
Helena,4277,658.04
Helena,4278,347.55
Helena,4279,708.57
Helena,4280,996.37
Helena,4281,666.8
Helena,4282,494.65
Helena,4283,371.76
Helena,4284,466.17
Helena,4285,685.33
Helena,4286,561.28
Helena,4287,547.65
Helena,4288,327.15
Helena,4289,96.49
Helena,4290,373.67
Helena,4291,662.17
Helena,4292,201.03
Helena,4293,237.13
Helena,4294,241.20000000000002
Helena,4295,384.01
Helena,4296,268.46999999999997
Helena,4297,235.52
Helena,4298,168.59
Helena,4299,246.45
Helena,4300,295.43
Helena,4301,326.17
Helena,4302,403.54
Helena,4303,0.0
Helena,14902,656.92
Helena,14903,650.15
Helena,14904,346.6
Helena,14905,346.6
Helena,14906,365.3
Helena,14907,420.53000000000003
Helena,14908,532.01
Helena,14909,531.64
Helena,14910,496.71999999999997
Helena,14911,496.71999999999997
Helena,14912,461.87
Helena,14913,578.81
Helena,14914,583.4
Helena,14915,591.34
Helena,14916,507.89
Helena,14917,510.84
Helena,14918,850.8
Helena,14919,850.8
Helena,16355,10.56
Helena,16357,771.94
Helena,16360,108.63
Helena,16366,602.74
Helena,16368,743.7
Helena,17304,538.87
Helena,17305,548.21
Helena,17306,491.63
Helena,17307,1058.73
Helena,17308,702.49
Helena,17309,350.98
Helena,17311,919.4
Helena,17313,646.29
Helena,23314,438.83
Helena,23315,471.57
Helena,23316,496.32
Helena,23317,266.11
Helena,23318,304.16
Helena,23319,360.6
Helena,23320,580.75
Helena,23321,431.82
Helena,23322,439.49
Helena,23323,625.26
Helena,23324,431.47
Helena,23325,313.16
Helena,23326,112.71000000000001
Helena,23327,544.19
Helena,23328,1258.99
Helena,23329,620.29
Helena,23330,602.1
Helena,23331,605.6
Helena,23332,699.16
Helena,23333,307.92
Helena,23334,942.22
Helena,23335,691.72
Helena,23336,493.99
Helena,23337,225.95000000000002
Helena,23338,610.37
Helena,23339,651.17
Helena,23340,1337.78
Helena,23341,230.28
Helena,23342,424.56
Helena,23343,595.13
Helena,23344,618.74
Helena,23345,464.25
Helena,23346,40.69
Helena,23347,348.92
Helena,23348,662.08
Helena,23349,1015.64
Helena,23350,625.6
Helena,23351,445.34
Helena,23352,722.69
Helena,23353,313.49
Helena,24372,269.31
Helena,24373,117.98
Helena,24374,284.31
Helena,24375,154.47
Helena,24376,150.07
Helena,24377,252.87
Helena,24378,347.43
Helena,24379,182.09
Helena,24380,440.43
Helena,24381,94.38
Helena,24382,545.7
Helena,24383,504.08
Helena,24384,272.44
Helena,24385,584.1
Helena,24386,0.0
Helena,24387,0.0
Helena,24388,603.44
Helena,24389,192.94
Helena,24390,515.43
Helena,24391,245.91
Helena,24392,490.7
Helena,24393,484.07
Helena,24394,78.14
Helena,24395,207.66
Helena,24396,318.56
Helena,24397,418.87
Helena,24398,189.63
Helena,24399,0.0
Helena,24400,436.49
Helena,24401,159.82999999999998
Miami,7902,53.23
Miami,7903,251.27
Miami,7904,156.52
Miami,7905,337.91
Miami,7906,94.01
Miami,7907,421.08
Miami,7908,259.18
Miami,7909,509.1
Miami,7910,219.96
Miami,7911,461.09
Miami,7912,381.9
Miami,7913,431.06
Miami,7914,66.72
Miami,7915,552.72
Miami,7916,177.98
Miami,7917,302.26
Miami,7918,335.71999999999997
Miami,7919,49.69
Miami,7920,415.15
Miami,7921,274.83
Miami,7922,64.41
Miami,7923,185.68
Miami,7924,285.33
Miami,7925,391.96999999999997
Miami,7926,212.35
Miami,7927,143.16
Miami,7928,171.2
Miami,7929,186.28
Miami,7930,427.65999999999997
Miami,7931,569.62
Miami,7932,31.4
Miami,7933,115.44
Miami,7934,361.05
Miami,7935,237.03
Miami,7936,281.16
Miami,7937,472.47
Miami,7938,162.96
Miami,7939,364.61
Miami,7940,712.52
Miami,7941,45.16
Miami,7942,803.59
Miami,7943,48.550000000000004
Miami,7944,229.91
Miami,7945,186.24
Miami,7946,613.95
Miami,7947,175.68
Miami,7948,408.58
Miami,7949,21.7
Miami,7950,188.28
Miami,7951,336.08
Miami,7952,872.89
Miami,7953,557.88
Miami,7954,281.07
Miami,7955,265.09
Miami,7956,161.4
Miami,7957,270.32
Miami,7958,397.91
Miami,7959,178.11
Miami,7960,229.92
Miami,7961,244.15
Miami,7962,187.96
Miami,7963,337.82
Miami,7964,266.09000000000003
Miami,7965,131.6
Miami,7966,505.62
Miami,7967,599.95
Miami,7968,466.54
Miami,7969,88.39
Miami,7970,925.21
Miami,7971,247.32
Miami,7972,616.6
Miami,7973,278.24
Miami,7974,78.11
Miami,7975,237.1
Miami,7976,74.56
Miami,7977,257.71
Miami,7978,188.53
Miami,7979,93.03999999999999
Miami,7980,14.91
Miami,7981,343.39
Miami,7982,441.16
Miami,7983,666.68
Miami,7984,222.05
Miami,7985,251.66
Miami,7986,481.4
Miami,7987,508.17
Miami,7988,423.81
Miami,7989,320.32
Miami,7990,575.35
Miami,7991,548.86
Miami,7992,178.97
Miami,7993,103.03
Miami,7994,280.32
Miami,7995,292.04
Miami,7996,136.18
Miami,7997,311.38
Miami,7998,262.64
Miami,7999,310.62
Miami,8000,230.95
Miami,8001,470.02
Miami,8002,508.29
Miami,8003,300.17
Miami,8004,428.39
Miami,8005,332.08
Miami,8006,333.87
Miami,8007,362.82
Miami,8008,203.23
Miami,8009,48.67
Miami,8010,137.38
Miami,8011,286.64
Miami,8012,165.46
Miami,8013,193.69
Miami,8014,176.25
Miami,8015,169.56
Miami,8016,403.59
Miami,8017,431.15
Miami,8018,456.55
Miami,8019,198.23
Miami,8020,757.93
Miami,8021,178.24
Miami,8022,293.3
Miami,8023,275.9
Miami,8024,710.24
Miami,8025,438.74
Miami,8026,255.49
Miami,8027,377.45
Miami,8028,421.25
Miami,8029,203.85
Miami,8030,230.84
Miami,8031,264.5
Miami,8032,226.4
Miami,8033,166.41
Miami,8034,165.2
Miami,8035,246.75
Miami,8036,324.86
Miami,8037,708.23
Miami,8038,545.21
Miami,8039,381.9
Miami,8040,567.53
Miami,8041,154.01
Miami,8042,126.05
Miami,8043,537.87
Miami,8044,736.47
Miami,8045,215.73
Miami,8046,261.0
Miami,8047,228.29
Miami,8048,269.01
Miami,8049,202.69
Miami,8050,838.97
Miami,8051,142.79
Miami,8052,184.68
Miami,8053,270.01
Miami,8054,767.61
Miami,8055,235.56
Miami,8056,422.27
Miami,8057,188.27
Miami,8058,78.33
Miami,8059,172.58
Miami,8060,302.91
Miami,8061,337.82
Miami,8062,352.13
Miami,8063,219.59
Miami,8064,142.57999999999998
Miami,8065,239.94
Miami,8066,335.14
Miami,8067,230.56
Miami,8068,315.29
Miami,8069,352.88
Miami,8070,535.96
Miami,8071,155.14
Miami,8072,166.1
Miami,8073,182.5
Miami,8074,216.83
Miami,8075,398.89
Miami,8076,356.63
Miami,8077,307.41
Miami,8078,545.53
Miami,8079,654.92
Miami,8080,114.79
Miami,8081,350.19
Miami,8082,222.1
Miami,8083,263.71
Miami,8084,357.72
Miami,8085,379.07
Miami,8086,286.97
Miami,8087,259.18
Miami,8088,256.32
Miami,8089,63.69
Miami,8090,307.68
Miami,8091,206.56
Miami,8092,285.36
Miami,8093,249.12
Miami,8094,132.67
Miami,8095,16.36
Miami,8096,77.82000000000001
Miami,8097,134.66
Miami,8098,188.02
Miami,8099,206.79
Miami,8100,240.73
Miami,8101,332.14
Miami,8102,575.26
Miami,8103,349.37
Miami,8104,384.21999999999997
Miami,8105,151.3
Miami,8106,317.49
Miami,8107,305.34000000000003
Miami,8108,280.67
Miami,8109,448.65
Miami,8110,521.39
Miami,8111,286.49
Miami,8112,464.75
Miami,8113,426.94
Miami,8114,328.25
Miami,8115,168.05
Miami,8116,293.05
Miami,8117,87.07
Miami,8118,471.54
Miami,8119,328.01
Miami,8120,438.33
Miami,8121,825.63
Miami,8122,181.57999999999998
Miami,8123,547.62
Miami,8124,205.15
Miami,8125,259.82
Miami,8126,606.21
Miami,8127,192.89000000000001
Miami,8128,596.57
Miami,8129,327.78000000000003
Miami,8130,236.37
Miami,8131,395.21
Miami,8132,1049.67
Miami,8133,330.08
Miami,8134,490.21
Miami,8135,175.28
Miami,8136,531.26
Miami,8137,190.81
Miami,8138,127.75
Miami,8139,237.39
Miami,8140,255.10999999999999
Miami,8141,230.09
Miami,8142,105.64
Miami,8143,607.48
Miami,8144,432.75
Miami,8145,733.7
Miami,8146,262.03
Miami,8147,106.67
Miami,8148,280.45
Miami,8149,333.31
Miami,8150,167.01
Miami,8151,248.94
Miami,8152,428.0
Miami,8153,473.54
Miami,8154,751.6
Miami,8155,241.24
Miami,8156,230.92
Miami,8157,208.8
Miami,8158,141.78
Miami,8159,882.94
Miami,8160,298.35
Miami,8162,229.67
Miami,8163,199.23
Miami,8164,80.96000000000001
Miami,8165,234.79
Miami,8166,50.01
Miami,8167,483.79
Miami,8168,262.2
Miami,8169,121.83
Miami,8170,353.2
Miami,8171,400.01
Miami,8172,396.04
Miami,8173,456.92
Miami,8174,161.66
Miami,8175,198.81
Miami,8176,309.1
Miami,8177,220.65
Miami,8178,121.2
Miami,8179,335.76
Miami,8180,298.76
Miami,8181,327.5
Miami,8182,383.62
Miami,8183,296.15
Miami,8184,215.38
Miami,8185,93.91
Miami,8186,275.81
Miami,8187,347.94
Miami,8188,264.98
Miami,8189,490.82
Miami,8190,650.55
Miami,8191,339.3
Miami,8192,313.02
Miami,8193,374.23
Miami,8194,155.75
Miami,8195,781.65
Miami,8196,180.52
Miami,8197,551.24
Miami,8198,356.64
Miami,8199,811.75
Miami,8200,217.06
Miami,8201,72.59
Miami,8202,561.05
Miami,8203,200.93
Miami,8204,136.8
Miami,8205,479.86
Miami,8206,353.57
Miami,8207,5.800000000000001
Miami,8208,179.13
Miami,8209,273.36
Miami,8210,123.25
Miami,8211,174.75
Miami,8212,65.13
Miami,8213,112.12
Miami,8214,261.44
Miami,8215,218.75
Miami,8216,18.15
Miami,8217,9.31
Miami,8218,258.9
Miami,8219,64.14999999999999
Miami,8220,336.75
Miami,8221,279.71
Miami,8222,506.86
Miami,8223,125.05
Miami,8224,374.32
Miami,8225,341.4
Miami,8226,224.14
Miami,8227,235.21
Miami,8228,172.83
Miami,8229,161.93
Miami,8230,184.8
Miami,8231,93.41
Miami,8232,304.4
Miami,8233,340.14
Miami,8234,229.91
Miami,8235,236.85
Miami,8236,331.34
Miami,8237,244.47
Miami,8238,254.45
Miami,8239,394.89
Miami,8240,361.86
Miami,8242,362.48
Miami,8243,223.63
Miami,8244,95.92
Miami,8245,191.01
Miami,8246,19.28
Miami,8247,361.32
Miami,8248,613.92
Miami,8249,287.11
Miami,8250,194.95
Miami,8251,52.940000000000005
Miami,8252,93.56
Miami,8253,228.17
Miami,8254,356.48
Miami,8255,38.62
Miami,8256,344.98
Miami,8257,362.52
Miami,8258,137.4
Miami,8259,140.85
Miami,8260,60.33
Miami,8261,38.3
Miami,8262,847.55
Miami,8263,218.09
Miami,8264,204.82999999999998
Miami,8265,106.73
Miami,8266,786.17
Miami,8267,348.75
Miami,8268,292.47
Miami,8269,176.58
Miami,8270,928.37
Miami,8271,364.48
Miami,8272,521.99
Miami,8273,80.42
Miami,8274,381.84999999999997
Miami,8275,734.28
Miami,8276,435.92
Miami,8277,216.43
Miami,8278,626.86
Miami,8279,258.13
Miami,8280,147.18
Miami,8281,283.35
Miami,8282,255.2
Miami,8283,157.65
Miami,8284,131.1
Miami,8285,120.78
Miami,8286,305.74
Miami,8287,689.7
Miami,8288,273.92
Miami,8289,121.6
Miami,8290,93.58
Miami,8291,152.09
Miami,8292,590.95
Miami,8293,189.97
Miami,8294,458.87
Miami,8295,194.07999999999998
Miami,8296,244.57
Miami,8297,139.41
Miami,8298,267.67
Miami,8299,211.28
Miami,8304,312.21
Miami,8305,295.57
Miami,8306,140.29
Miami,8307,255.48
Miami,8308,204.26
Miami,8309,235.88
Miami,8310,313.62
Miami,8311,352.3
Miami,8312,212.73
Miami,8313,60.49
Miami,8314,201.94
Miami,8315,161.43
Miami,8316,182.03
Miami,8317,79.39
Miami,8318,139.22
Miami,8319,72.14
Miami,8320,33.86
Miami,8321,175.15
Miami,8322,188.58
Miami,8323,154.84
Miami,8324,71.33
Miami,8325,151.51
Miami,8326,466.95
Miami,8327,127.49
Miami,8328,180.71
Miami,8329,139.61
Miami,8330,212.8
Miami,8331,85.0
Miami,8332,123.08
Miami,8333,205.66
Miami,8334,34.99
Miami,8335,125.6
Miami,8336,24.75
Miami,8337,188.46
Miami,8338,595.83
Miami,8339,390.39
Miami,8340,205.99
Miami,8341,200.73
Miami,8342,374.56
Miami,8343,346.09999999999997
Miami,8344,241.53
Miami,8345,193.5
Miami,8346,632.11
Miami,8347,152.95
Miami,8348,97.7
Miami,8349,111.69
Miami,8350,212.35
Miami,8351,146.04
Miami,9362,458.46999999999997
Miami,9363,415.33
Miami,9364,802.37
Miami,9365,583.92
Miami,9366,1035.63
Miami,9367,572.23
Miami,9368,767.63
Miami,9369,457.93
Miami,9370,599.0
Miami,9371,584.16
Miami,9372,358.46
Miami,9373,303.54
Miami,10369,224.75
Miami,10371,535.63
Miami,10372,1167.18
Miami,10376,192.01
Miami,10379,41.72
Miami,10381,0.73
Miami,10385,401.08
Miami,10386,236.88
Miami,10389,532.3100000000001
Miami,10390,376.43
Miami,10391,730.41
Miami,10394,380.28
Miami,10395,494.7
Miami,10396,647.11
Miami,10397,125.52
Miami,10403,181.87
Miami,10405,272.58
Miami,10409,521.42
Miami,10413,454.56
Miami,10415,396.6
Miami,10416,171.59
Miami,10417,578.17
Miami,10419,391.0
Miami,10420,323.17
Miami,10422,254.65
Miami,10424,843.97
Miami,10426,154.34
Miami,10427,342.36
Miami,10429,455.5
Miami,10431,92.91
Miami,10434,330.15999999999997
Miami,10437,1376.36
Miami,10438,288.06
Wilton,5902,309.07
Wilton,5903,273.11
Wilton,5904,174.39
Wilton,5905,176.2
Wilton,5906,263.58
Wilton,5907,391.21
Wilton,5908,269.93
Wilton,5909,117.75
Wilton,5910,128.18
Wilton,5911,125.84
Wilton,5912,541.57
Wilton,5913,344.52
Wilton,5914,358.55
Wilton,5915,146.52
Wilton,5916,298.89
Wilton,5917,137.88
Wilton,5918,246.43
Wilton,5919,215.10999999999999
Wilton,5920,285.58
Wilton,5921,262.14
Wilton,5922,142.75
Wilton,5923,127.28
Wilton,5924,104.97999999999999
Wilton,5925,602.95
Wilton,5926,234.83
Wilton,5927,46.47
Wilton,5928,223.71
Wilton,5929,289.24
Wilton,5930,158.37
Wilton,5931,596.23
Wilton,5932,302.08
Wilton,5933,185.54
Wilton,5934,159.53
Wilton,5935,181.8
Wilton,5936,143.7
Wilton,5937,268.28000000000003
Wilton,5938,615.57
Wilton,5939,86.67
Wilton,5940,266.43
Wilton,5941,609.7
Wilton,5942,368.72
Wilton,5943,308.22
Wilton,5944,525.35
Wilton,5945,59.42
Wilton,5946,162.05
Wilton,5947,243.9
Wilton,5948,265.04
Wilton,5949,353.62
Wilton,5950,120.16
Wilton,5951,159.41
Wilton,5952,178.33
Wilton,5953,281.62
Wilton,5954,444.33
Wilton,5955,122.89
Wilton,5956,62.76
Wilton,5957,57.589999999999996
Wilton,5958,252.91
Wilton,5959,233.73
Wilton,5960,52.97
Wilton,5961,213.85
Wilton,5962,148.23
Wilton,5963,267.06
Wilton,5964,217.49
Wilton,5965,213.9
Wilton,5966,188.56
Wilton,5967,188.13
Wilton,5968,63.5
Wilton,5969,226.62
Wilton,5970,344.02
Wilton,5971,167.13
Wilton,5972,338.59
Wilton,5973,567.52
Wilton,5974,188.38
Wilton,5975,156.43
Wilton,5976,68.67
Wilton,5977,242.42000000000002
Wilton,5978,193.96
Wilton,5979,65.42
Wilton,5980,409.83
Wilton,5981,337.81
Wilton,5982,427.26
Wilton,5983,337.39
Wilton,5984,479.32
Wilton,5985,136.01
Wilton,5986,165.69
Wilton,5987,32.83
Wilton,5988,162.24
Wilton,5989,149.83
Wilton,5990,71.64
Wilton,5991,615.97
Wilton,5998,598.6
Wilton,5999,419.34
Wilton,6000,201.15
Wilton,6001,277.77
Wilton,6002,154.69
Wilton,6003,492.6
Wilton,6004,340.31
Wilton,6005,343.07
Wilton,6006,181.76
Wilton,6007,282.88
Wilton,6008,96.7
Wilton,6009,449.11
Wilton,6010,445.91
Wilton,6011,371.05
Wilton,6012,272.46
Wilton,6013,94.01
Wilton,6014,318.24
Wilton,6015,236.27
Wilton,6016,273.84
Wilton,6017,182.18
Wilton,6018,310.39
Wilton,6019,230.5
Wilton,6020,270.2
Wilton,6021,626.16
Wilton,6022,342.92
Wilton,6023,271.23
Wilton,6024,170.61
Wilton,6025,150.39
Wilton,6026,353.79
Wilton,6027,114.27000000000001
Wilton,6028,244.75
Wilton,6029,69.93
Wilton,6030,486.74
Wilton,6031,249.23
Wilton,6032,49.03
Wilton,6033,198.32
Wilton,6034,272.46
Wilton,6035,221.31
Wilton,6036,131.01
Wilton,6037,126.39
Wilton,6038,138.10999999999999
Wilton,6039,447.6
Wilton,6040,160.99
Wilton,6041,104.60000000000001
Wilton,6042,290.6
Wilton,6043,325.19
Wilton,6044,179.52
Wilton,6045,173.93
Wilton,6046,170.41
Wilton,6047,308.13
Wilton,6048,64.45
Wilton,6049,20.12
Wilton,6050,525.32
Wilton,6051,67.8
Wilton,6052,341.35
Wilton,6053,505.82
Wilton,6054,434.68
Wilton,6055,282.12
Wilton,6056,207.12
Wilton,6057,207.19
Wilton,6058,188.01
Wilton,6059,166.0
Wilton,6060,239.99
Wilton,6061,170.31
Wilton,6062,135.46
Wilton,6063,422.13
Wilton,6064,336.63
Wilton,6065,329.73
Wilton,6066,279.49
Wilton,6067,334.49
Wilton,6068,210.52
Wilton,6069,329.71
Wilton,6070,158.48
Wilton,6071,236.01
Wilton,6072,61.83
Wilton,6073,226.43
Wilton,6074,165.34
Wilton,6075,284.18
Wilton,6076,47.54
Wilton,6078,164.56
Wilton,6079,117.38
Wilton,6080,18.96
Wilton,6081,27.849999999999998
Wilton,6082,54.17
Wilton,6083,139.31
Wilton,6084,109.89
Wilton,6085,73.09
Wilton,6086,137.91
Wilton,6087,427.01
Wilton,6088,289.61
Wilton,6089,222.47
Wilton,6090,420.05
Wilton,6091,115.63
Wilton,6092,215.16
Wilton,6093,149.55
Wilton,6094,65.62
Wilton,6095,435.14
Wilton,6096,211.15
Wilton,6097,140.57
Wilton,6098,164.33
Wilton,6099,206.66
Wilton,6100,183.85
Wilton,6101,39.72
Wilton,6102,181.54
Wilton,6103,353.58
Wilton,6104,140.69
Wilton,6105,119.71
Wilton,6106,17.54
Wilton,6107,70.93
Wilton,6108,117.89999999999999
Wilton,6109,238.9
Wilton,6110,171.89
Wilton,6111,53.43
Wilton,6112,64.67
Wilton,6113,70.69
Wilton,6114,280.4
Wilton,6115,129.85
Wilton,6116,75.7
Wilton,6117,192.72
Wilton,6118,143.74
Wilton,6119,321.36
Wilton,6121,243.28
Wilton,6122,255.49
Wilton,6123,360.89
Wilton,6124,304.19
Wilton,6125,28.75
Wilton,6126,424.01
Wilton,6127,162.12
Wilton,6128,255.9
Wilton,6129,180.03
Wilton,6130,571.97
Wilton,6131,236.02
Wilton,6132,129.57
Wilton,6133,55.17
Wilton,6134,15.91
Wilton,6135,168.93
Wilton,6136,507.83
Wilton,6137,85.38
Wilton,6138,88.3
Wilton,6139,197.38
Wilton,6140,166.31
Wilton,6141,217.56
Wilton,6142,275.91
Wilton,6143,238.99
Wilton,6144,126.83
Wilton,6145,226.15
Wilton,6146,176.6
Wilton,6147,281.9
Wilton,6148,134.45
Wilton,6149,330.06
Wilton,6150,448.47
Wilton,6151,163.66
Wilton,6152,121.74000000000001
Wilton,6153,187.71
Wilton,6154,240.15
Wilton,6155,279.59
Wilton,6156,404.4
Wilton,6157,215.93
Wilton,6158,212.1
Wilton,6159,282.96999999999997
Wilton,6160,248.89
Wilton,6161,82.86
Wilton,6162,109.28999999999999
Wilton,6163,314.52
Wilton,6164,75.9
Wilton,6165,199.38
Wilton,6166,477.66
Wilton,6167,89.18
Wilton,6168,180.87
Wilton,6169,137.64
Wilton,6170,279.32
Wilton,6171,531.05
Wilton,6172,195.09
Wilton,6173,312.44
Wilton,6174,185.49
Wilton,6175,130.15
Wilton,6176,548.84
Wilton,6177,327.1
Wilton,6178,414.74
Wilton,6179,289.55
Wilton,6180,97.12
Wilton,6181,82.64
Wilton,6182,281.91
Wilton,6183,79.27
Wilton,6184,241.86
Wilton,6185,147.88
Wilton,6186,395.9
Wilton,6187,219.49
Wilton,6188,174.55
Wilton,6189,226.88
Wilton,6190,389.04
Wilton,6191,251.03
Wilton,6192,47.72
Wilton,6193,71.83
Wilton,6194,220.73
Wilton,6195,266.46
Wilton,6196,380.96999999999997
Wilton,6197,39.06
Wilton,6198,159.74
Wilton,6199,84.50999999999999
Wilton,6200,181.35
Wilton,6201,192.03
Wilton,6202,492.51
Wilton,6203,220.16
Wilton,6204,408.68
Wilton,6205,214.21
Wilton,6206,125.14
Wilton,6207,133.46
Wilton,6208,123.82000000000001
Wilton,6209,146.56
Wilton,6210,7.68
Wilton,6211,57.85
Wilton,6212,144.71
Wilton,6213,37.93
Wilton,6214,370.34
Wilton,6215,152.27
Wilton,6216,288.0
Wilton,6217,241.44
Wilton,6218,275.66
Wilton,6219,432.21
Wilton,6220,42.410000000000004
Wilton,6221,98.17
Wilton,6222,446.43
Wilton,6223,234.84
Wilton,6224,41.89
Wilton,6225,245.38
Wilton,6226,84.53999999999999
Wilton,6227,339.86
Wilton,6228,136.95
Wilton,6229,163.31
Wilton,6230,213.24
Wilton,6231,343.47
Wilton,6232,123.06
Wilton,6233,272.66
Wilton,6234,89.98
Wilton,6235,116.12
Wilton,6236,379.53000000000003
Wilton,6237,276.18
Wilton,6238,284.64
Wilton,6239,314.9
Wilton,6240,110.94
Wilton,6241,194.19
Wilton,6242,523.5
Wilton,6243,469.7
Wilton,6244,254.13
Wilton,6245,240.73
Wilton,6246,119.04
Wilton,6247,286.77
Wilton,6248,227.68
Wilton,6249,212.55
Wilton,6250,61.92
Wilton,6251,116.39
Wilton,6252,107.92
Wilton,6253,258.58
Wilton,6254,200.25
Wilton,6255,307.57
Wilton,6256,308.68
Wilton,6257,332.91
Wilton,6258,262.49
Wilton,6259,70.7
Wilton,6260,437.64
Wilton,6261,251.11
Wilton,6262,101.85
Wilton,6263,34.21
Wilton,6264,22.22
Wilton,6265,51.17
Wilton,6266,44.339999999999996
Wilton,6267,1.62
Wilton,6268,380.82
Wilton,6269,62.56
Wilton,6270,407.4
Wilton,6271,172.10999999999999
Wilton,6272,280.5
Wilton,6273,617.59
Wilton,6274,575.3
Wilton,6275,265.8
Wilton,6276,121.86
Wilton,6277,487.96
Wilton,6278,311.96999999999997
Wilton,6279,249.85
Wilton,6280,292.48
Wilton,6281,170.86
Wilton,6282,179.49
Wilton,6283,181.58
Wilton,6284,330.24
Wilton,6285,537.11
Wilton,6286,235.32999999999998
Wilton,6287,498.93
Wilton,6288,26.32
Wilton,6289,220.75
Wilton,6290,256.48
Wilton,6291,327.16
Wilton,6292,225.84
Wilton,6293,151.95
Wilton,6294,213.74
Wilton,6295,197.71
Wilton,6296,172.5
Wilton,6297,1149.48
Wilton,6298,275.91
Wilton,6299,360.65
Wilton,6300,303.54
Wilton,6301,260.52
Wilton,6302,226.58
Wilton,6303,256.46
Wilton,6304,172.37
Wilton,6305,176.56
Wilton,6306,116.86
Wilton,6307,191.85
Wilton,6308,29.240000000000002
Wilton,6309,288.52
Wilton,6310,73.17999999999999
Wilton,6311,28.11
Wilton,6312,116.13
Wilton,6313,127.1
Wilton,6314,80.48
Wilton,6315,172.09
Wilton,6316,20.6
Wilton,6317,52.84
Wilton,6318,246.08
Wilton,6319,220.66
Wilton,6320,193.16
Wilton,6321,190.66
Wilton,6322,321.11
Wilton,6323,249.06
Wilton,6324,430.52
Wilton,6325,90.54
Wilton,6326,235.48
Wilton,6327,174.98
Wilton,6328,133.89
Wilton,6329,114.64
Wilton,6330,280.28
Wilton,6331,175.97
Wilton,6332,335.91
Wilton,6333,172.79
Wilton,6334,296.81
Wilton,6335,233.32
Wilton,6336,362.92
Wilton,6337,42.370000000000005
Wilton,6338,508.42
Wilton,6339,228.13
Wilton,6340,230.70000000000002
Wilton,6341,230.11
Wilton,6342,180.56
Wilton,6343,430.61
Wilton,6344,90.27
Wilton,6345,81.17
Wilton,6346,34.36
Wilton,6347,157.82
Wilton,6348,265.0
Wilton,16351,243.63
Wilton,16352,371.07
Wilton,20442,196.92000000000002
Wilton,20443,79.57
Wilton,20444,598.97
Wilton,20445,453.27
Wilton,20446,177.97
Wilton,20447,270.38
Wilton,20448,195.54
Wilton,20449,1015.11
Wilton,20450,393.3
Wilton,20451,246.79
Wilton,20452,129.36
Wilton,20453,321.94
Wilton,20454,554.12
Wilton,20455,327.41
Wilton,20456,422.69
Wilton,20457,202.7
Wilton,20458,457.11
Wilton,20459,203.13
Wilton,20460,415.52
Wilton,20461,300.36
Wilton,20462,757.61
Wilton,20463,332.7
Wilton,20464,437.01
Wilton,20465,178.22
Wilton,20466,371.08
Wilton,20467,686.56
Wilton,20468,564.74
Wilton,20469,571.53
Wilton,20470,399.39
Wilton,20471,40.93
Wilton,20472,336.86
Wilton,20473,132.28
Wilton,20474,773.23
Wilton,20475,286.6
Wilton,20476,516.24
Wilton,20477,227.67000000000002
Wilton,20478,621.32
Wilton,20479,115.91
Wilton,20480,438.26
Wilton,20481,433.05
Wilton,20482,560.64
Wilton,20483,140.19
Wilton,20484,343.31
Wilton,20485,731.47
Wilton,20486,29.07
Wilton,20487,0.02
Wilton,20488,1.5
Wilton,20489,8.14
Wilton,20490,4.09
Wilton,20491,5.16
Wilton,20492,0.0
Wilton,20493,7.040000000000001
